lastName,firstName,,,,
,,,,"Copy and Paste the students lastname, firstname ",
,,,,and paste it under the first row.,
,,,,,
,,,,EXAMPLE:,
,,,,lastName,firstName
,,,,Dela Cruz,Juan
,,,,Santos,Anna
,,,,,
,,,,"after pasting all the students name, save the file",
,,,,then click CHOOSE CSV and choose this file,
,,,,,
,,,,The username of the students that are generated in batch upload will use this username and password:,
,,,,,
,,,,Username: firstname.lastname (example: anna.santos),
,,,,Password: firstname_lastname with spaces removed (example: johnlloyd_santos),
